<?xml version="1.0" encoding="UTF-8"?>
<project-private xmlns="http://www.netbeans.org/ns/project-private/1">
    <editor-bookmarks xmlns="http://www.netbeans.org/ns/editor-bookmarks/2" lastBookmarkId="0"/>
    <open-files xmlns="http://www.netbeans.org/ns/projectui-open-files/2">
        <group>
            <file>file:/C:/Users/verri/Documents/Archivos%20Salma/Materias%20ciclo%20VI/Desarrollo%20de%20Software%20I/LABORATORIO/Tareas/LAB-DSI/Guía%208/SuperMercado/web/OpcionesUsuario/Venta/GestionarVentas.jsp</file>
            <file>file:/C:/Users/verri/Documents/Archivos%20Salma/Materias%20ciclo%20VI/Desarrollo%20de%20Software%20I/LABORATORIO/Tareas/LAB-DSI/Guía%208/SuperMercado/src/java/Servlets/ServletPrincipal.java</file>
        </group>
    </open-files>
</project-private>
